ID,Title,Content,Excerpt,Date,"Post Type",Permalink,"Image URL","Image Title","Image Caption","Image Description","Image Alt Text","Image Featured","Attachment URL",Status,"Author ID","Author Username","Author Email","Author First Name","Author Last Name",Slug,Format,Template,Parent,"Parent Slug",Order,"Comment Status","Ping Status","Post Modified Date"
326,"test demo",,,2020-10-09,mprm_order,http://epestic.com/client/john-restaurant/?post_type=mprm_order&p=326,,,,,,,,publish,1,admin,ken@aspen-it.com,,,test-demo,,,0,0,0,open,closed,2020-10-09
327,"John Doe",,,2020-10-09,mprm_order,http://epestic.com/client/john-restaurant/?post_type=mprm_order&p=327,,,,,,,,publish,1,admin,ken@aspen-it.com,,,john-doe,,,0,0,0,open,closed,2020-10-09
338,"Duke Johnson",,,2020-10-12,mprm_order,http://epestic.com/client/john-restaurant/?post_type=mprm_order&p=338,,,,,,,,publish,1,admin,ken@aspen-it.com,,,duke-johnson,,,0,0,0,open,closed,2020-10-12
343,testetset,,,2020-10-15,mprm_order,http://epestic.com/client/john-restaurant/?post_type=mprm_order&p=343,,,,,,,,publish,1,admin,ken@aspen-it.com,,,testetset,,,0,0,0,open,closed,2020-10-15
344,test,,,2020-10-15,mprm_order,http://epestic.com/client/john-restaurant/?post_type=mprm_order&p=344,,,,,,,,publish,1,admin,ken@aspen-it.com,,,test-3,,,0,0,0,open,closed,2020-10-15
360,"Test Last",,,2020-10-21,mprm_order,http://epestic.com/client/john-restaurant/?post_type=mprm_order&p=360,,,,,,,,publish,0,,,,,test-last,,,0,0,0,open,closed,2020-10-21
385,385,"<strong>Transaction ID:</strong> ch_1HfTZjFZM0ZNHwECNo6ZLdzU<br /><strong>Product name:</strong> Burger<br /><strong>Amount:</strong> 31.50<br /><strong>Currency:</strong> INR<br /><strong>Email:</strong> ken@aspen-it.com<br />",,2020-10-23,mprm_order,http://epestic.com/client/john-restaurant/?post_type=mprm_order&p=385,,,,,,,,mprm-shipping,1,admin,ken@aspen-it.com,,,order-2,,,0,0,0,open,closed,2020-10-28
391,391,"<strong>Transaction ID:</strong> ch_1HgOE3FZM0ZNHwEC2gwQDxcn<br /><strong>Product name:</strong> Burger<br /><strong>Amount:</strong> 31.50<br /><strong>Currency:</strong> INR<br /><strong>Email:</strong> test@gmail.com<br />",,2020-10-26,mprm_order,http://epestic.com/client/john-restaurant/?post_type=mprm_order&p=391,,,,,,,,mprm-shipping,1,admin,ken@aspen-it.com,,,order-8,,,0,0,0,open,closed,2020-10-27
392,392,"<strong>Transaction ID:</strong> ch_1HgQ5SFZM0ZNHwEClYJ0VmQk<br /><strong>Product name:</strong> Burger<br /><strong>Amount:</strong> 31.50<br /><strong>Currency:</strong> INR<br /><strong>Email:</strong> kriyank@freelancetoindia.com<br />",,2020-10-26,mprm_order,http://epestic.com/client/john-restaurant/?post_type=mprm_order&p=392,,,,,,,,mprm-shipped,1,admin,ken@aspen-it.com,,,order,,,0,0,0,open,closed,2020-10-27
393,393,"<strong>Transaction ID:</strong> ch_1HgQ8XFZM0ZNHwECjn4IEXSd<br /><strong>Product name:</strong> Burger<br /><strong>Amount:</strong> 31.50<br /><strong>Currency:</strong> INR<br /><strong>Email:</strong> kriyank@freelancetoindia.com<br />",,2020-10-26,mprm_order,http://epestic.com/client/john-restaurant/?post_type=mprm_order&p=393,,,,,,,,mprm-shipped,0,,,,,order-3,,,0,0,0,open,closed,2020-10-27
416,Test,,,2020-10-28,mprm_order,http://epestic.com/client/john-restaurant/?post_type=mprm_order&p=416,,,,,,,,mprm-shipping,1,admin,ken@aspen-it.com,,,test,,,0,0,0,open,closed,2020-10-30
417,Test,,,2020-10-29,mprm_order,http://epestic.com/client/john-restaurant/?post_type=mprm_order&p=417,,,,,,,,publish,1,admin,ken@aspen-it.com,,,test-2,,,0,0,0,open,closed,2020-10-29
418,"John Doe",,,2020-10-29,mprm_order,http://epestic.com/client/john-restaurant/?post_type=mprm_order&p=418,,,,,,,,publish,1,admin,ken@aspen-it.com,,,john-doe-2,,,0,0,0,open,closed,2020-10-29
419,"John Doe",,,2020-10-29,mprm_order,http://epestic.com/client/john-restaurant/?post_type=mprm_order&p=419,,,,,,,,publish,1,admin,ken@aspen-it.com,,,john-doe-3,,,0,0,0,open,closed,2020-10-29
420,"Decruize Alice",,,2020-10-29,mprm_order,http://epestic.com/client/john-restaurant/?post_type=mprm_order&p=420,,,,,,,,publish,1,admin,ken@aspen-it.com,,,decruize-alice,,,0,0,0,open,closed,2020-10-29
421,test,,,2020-10-29,mprm_order,http://epestic.com/client/john-restaurant/?post_type=mprm_order&p=421,,,,,,,,publish,1,admin,ken@aspen-it.com,,,test-4,,,0,0,0,open,closed,2020-10-29
422,Test12,,,2020-10-29,mprm_order,http://epestic.com/client/john-restaurant/?post_type=mprm_order&p=422,,,,,,,,publish,1,admin,ken@aspen-it.com,,,test12,,,0,0,0,open,closed,2020-10-29
423,Tests,,,2020-10-29,mprm_order,http://epestic.com/client/john-restaurant/?post_type=mprm_order&p=423,,,,,,,,publish,1,admin,ken@aspen-it.com,,,tests,,,0,0,0,open,closed,2020-10-29
424,Admin,,,2020-10-30,mprm_order,http://epestic.com/client/john-restaurant/?post_type=mprm_order&p=424,,,,,,,,publish,1,admin,ken@aspen-it.com,,,admin,,,0,0,0,open,closed,2020-10-30
425,Test,,,2020-10-30,mprm_order,http://epestic.com/client/john-restaurant/?post_type=mprm_order&p=425,,,,,,,,publish,1,admin,ken@aspen-it.com,,,test-5,,,0,0,0,open,closed,2020-10-30
426,Demo12,,,2020-10-30,mprm_order,http://epestic.com/client/john-restaurant/?post_type=mprm_order&p=426,,,,,,,,publish,1,admin,ken@aspen-it.com,,,demo12,,,0,0,0,open,closed,2020-10-30
427,test,,,2020-10-30,mprm_order,http://epestic.com/client/john-restaurant/?post_type=mprm_order&p=427,,,,,,,,mprm-shipped,1,admin,ken@aspen-it.com,,,test-6,,,0,0,0,open,closed,2020-10-30
428,Alice,,,2020-10-30,mprm_order,http://epestic.com/client/john-restaurant/?post_type=mprm_order&p=428,,,,,,,,mprm-shipped,1,admin,ken@aspen-it.com,,,alice,,,0,0,0,open,closed,2020-10-30
429,Test,,,2020-10-30,mprm_order,http://epestic.com/client/john-restaurant/?post_type=mprm_order&p=429,,,,,,,,mprm-shipped,1,admin,ken@aspen-it.com,,,test-7,,,0,0,0,open,closed,2020-10-30
430,"test dasd",,,2020-10-30,mprm_order,http://epestic.com/client/john-restaurant/?post_type=mprm_order&p=430,,,,,,,,publish,1,admin,ken@aspen-it.com,,,test-dasd,,,0,0,0,open,closed,2020-10-30
431,Demo,,,2020-10-30,mprm_order,http://epestic.com/client/john-restaurant/?post_type=mprm_order&p=431,,,,,,,,publish,1,admin,ken@aspen-it.com,,,demo,,,0,0,0,open,closed,2020-10-30
432,"Test Demo John",,,2020-10-30,mprm_order,http://epestic.com/client/john-restaurant/?post_type=mprm_order&p=432,,,,,,,,publish,1,admin,ken@aspen-it.com,,,test-demo-john,,,0,0,0,open,closed,2020-10-30
433,"Test Demo",,,2020-10-30,mprm_order,http://epestic.com/client/john-restaurant/?post_type=mprm_order&p=433,,,,,,,,publish,1,admin,ken@aspen-it.com,,,test-demo-2,,,0,0,0,open,closed,2020-10-30
434,Demo,,,2020-10-30,mprm_order,http://epestic.com/client/john-restaurant/?post_type=mprm_order&p=434,,,,,,,,publish,1,admin,ken@aspen-it.com,,,demo-2,,,0,0,0,open,closed,2020-10-30
435,Demo12,,,2020-10-30,mprm_order,http://epestic.com/client/john-restaurant/?post_type=mprm_order&p=435,,,,,,,,publish,1,admin,ken@aspen-it.com,,,demo12-2,,,0,0,0,open,closed,2020-10-30
